term_id,lat,lon,alt_m,tag
0,31.175612,103.013313,1344.8,med
1,31.292065,103.795339,1499.0,high
2,30.914606,103.019057,1330.7,med
3,30.440143,103.221905,1438.5,med
4,30.672829,103.690419,1478.4,high
5,31.375283,103.821067,1361.1,high
6,31.556956,103.387213,1299.2,high
7,31.425293,103.707771,1477.8,low
8,31.051774,104.151039,1370.6,low
9,31.403586,103.725524,1491.4,low
10,31.253786,103.038289,1333.0,med
11,30.50405,103.262649,1301.3,med
12,31.171121,103.421099,1368.5,med
13,30.728673,104.107286,1438.0,low
14,30.613666,103.858252,1316.9,med
15,31.595728,103.7513,1415.2,low
16,31.419722,103.9145,1333.3,high
17,30.786844,103.304589,1328.7,low
18,31.459941,103.360913,1439.9,med
19,31.505757,103.533922,1342.2,med
20,31.081942,103.29859,1422.1,low
21,30.887581,103.246485,1525.4,med
22,30.517391,103.03984,1303.4,low
23,31.358795,103.489892,1291.9,med
24,31.603646,103.618237,1518.8,low
25,30.422077,103.848166,1446.4,med
26,30.72849,103.752454,1303.9,med
27,30.952768,104.127879,1495.0,med
28,31.009003,103.197682,1504.2,low
29,30.766434,103.750039,1428.2,high
30,31.323313,103.630555,1470.7,med
31,30.408986,103.372287,1280.9,low
32,31.462766,103.981299,1352.9,high
33,31.461912,104.119639,1297.4,med
34,30.491355,103.896023,1467.5,high
35,30.978639,103.643064,1342.3,low
36,30.916066,103.237458,1410.8,low
37,30.649681,103.35736,1524.8,low
38,30.93402,103.604391,1306.3,med
39,30.814003,103.68927,1333.5,med
40,30.493492,103.740624,1333.2,low
41,31.439862,103.068329,1335.5,low
42,30.665384,103.142074,1509.9,low
43,30.975505,103.924843,1477.9,high
44,30.524617,103.500561,1381.9,med
45,31.283191,103.791337,1522.0,high
46,30.891446,103.390463,1491.4,med
47,30.636551,103.521636,1381.5,med
48,30.708068,104.091219,1386.8,low
49,31.06869,103.044006,1525.8,low
50,31.571096,104.09494,1488.2,high
51,30.991069,103.239797,1376.3,high
52,30.863068,104.165671,1342.3,low
53,30.95431,103.490909,1515.3,low
54,31.075222,103.84539,1314.7,med
55,31.570751,103.678316,1411.5,low
56,30.476898,103.684313,1401.7,low
57,30.597219,104.136235,1296.0,high
58,31.122342,103.793555,1334.8,high
59,31.476645,103.278758,1424.6,low
60,30.91137,103.683707,1406.7,low
61,30.653411,103.84273,1335.7,med
62,31.214328,103.343296,1355.0,low
63,30.495352,103.533243,1525.6,low
64,30.496213,103.239085,1342.3,low
65,31.465337,104.038424,1368.4,high
66,31.408794,103.827548,1428.9,low
67,31.193072,102.992688,1480.3,med
68,31.204366,104.110016,1309.6,high
69,30.536743,103.647168,1344.1,low
70,31.269435,103.227617,1434.6,med
71,30.994538,104.069704,1487.5,high
72,30.916591,103.315316,1276.9,low
73,31.172836,103.297646,1461.3,low
74,30.921524,102.994904,1294.8,low
75,31.493014,103.638008,1484.6,low
76,30.586013,103.136235,1353.1,low
77,31.363647,104.016143,1500.7,med
78,30.707736,103.106652,1471.0,low
79,30.895953,103.728094,1314.6,low
80,31.445827,104.154747,1478.7,low
81,30.438044,103.867177,1359.0,low
82,31.370982,104.020177,1478.7,med
83,31.353149,103.113015,1494.0,low
84,30.67522,103.963204,1391.1,med
85,31.362715,103.256415,1281.9,high
86,30.802214,104.020524,1517.7,med
87,31.178078,103.462914,1521.3,med
88,31.535385,103.12171,1518.6,high
89,31.563341,103.30186,1303.1,med
90,31.282554,103.359713,1427.6,med
91,30.870535,103.675206,1339.7,low
92,30.41033,104.09399,1410.6,low
93,31.29864,103.788054,1367.1,high
94,31.205385,103.37954,1354.5,low
95,31.272005,103.343687,1353.3,med
96,30.89118,103.338086,1307.8,med
97,31.536736,103.796082,1501.7,low
98,30.76944,103.640825,1276.1,med
99,30.924166,103.679282,1439.7,med
100,30.938892,103.239742,1394.3,low
101,31.36353,103.18693,1297.2,med
102,31.167829,103.385526,1480.6,low
103,31.215655,103.252869,1325.8,high
104,30.702111,103.553464,1488.4,high
105,30.905629,103.739018,1324.6,low
106,31.001553,103.276081,1440.0,high
107,31.309457,103.907355,1302.6,med
108,30.619364,104.132859,1405.5,high
109,30.707338,104.001304,1390.1,low
110,31.209393,104.168771,1424.9,low
111,31.478011,103.718483,1455.8,med
112,31.404983,103.640746,1500.3,low
113,30.977909,103.29433,1337.8,low
114,31.327276,103.60886,1432.7,med
115,30.50128,103.326174,1343.9,med
116,31.056483,103.149349,1333.8,low
117,31.256003,103.060375,1377.9,med
118,30.907229,103.231501,1381.0,low
119,31.109195,103.817928,1490.2,low
120,30.864757,102.990375,1363.9,low
121,31.432438,104.127416,1380.8,low
122,31.063659,103.707203,1331.1,med
123,30.931303,103.01813,1360.0,low
124,30.89348,103.181354,1392.8,high
125,31.155008,103.01566,1374.5,low
126,30.440822,103.7546,1309.9,med
127,30.468642,103.438225,1328.9,med
128,31.321776,103.438251,1464.0,low
129,30.711026,103.081587,1280.8,med
130,31.608189,103.403252,1438.5,low
131,31.190406,103.88838,1513.4,high
132,30.432756,103.166159,1307.6,low
133,31.085063,103.244857,1450.9,low
134,30.609647,103.711997,1463.0,high
135,31.391461,104.140965,1303.0,high
136,30.782649,103.796117,1515.5,med
137,31.266318,103.074496,1448.7,low
138,30.530582,103.910277,1488.6,low
139,30.553566,104.163913,1471.7,med
140,30.922354,103.427985,1402.5,med
141,31.427791,103.970097,1302.4,low
142,31.171002,103.977749,1452.8,med
143,31.288854,104.141868,1343.5,low
144,31.054107,103.563497,1384.9,low
145,30.730375,104.005356,1483.7,high
146,31.466257,103.275936,1392.2,low
147,30.863087,103.01774,1488.7,high
148,30.662844,103.940699,1361.1,low
149,31.249721,103.314822,1278.5,low
150,30.511036,103.84739,1398.1,low
151,31.237031,103.758383,1398.7,low
152,30.519964,103.249216,1448.9,med
153,31.106167,103.551213,1408.7,med
154,31.303423,103.38025,1451.7,med
155,30.709984,103.128087,1324.1,high
156,31.051337,103.897928,1322.3,med
157,30.989338,103.852802,1520.2,med
158,30.747898,103.103931,1324.5,med
159,30.62363,103.000278,1409.5,med
160,31.577454,103.647331,1450.4,high
161,31.450453,103.572354,1494.2,low
162,30.971576,103.511863,1322.1,high
163,31.537576,103.556575,1481.5,med
164,30.497199,103.738635,1289.4,high
165,31.083708,103.347903,1524.5,high
166,31.325632,103.710881,1473.7,med
167,31.035387,103.523917,1386.7,low
168,31.596338,103.349756,1431.3,low
169,31.296407,104.120408,1327.9,med
170,31.200814,103.171769,1319.5,high
171,30.411511,103.523904,1424.5,med
172,30.686071,103.831647,1451.7,med
173,31.233162,104.091993,1473.0,low
174,31.20172,104.103702,1382.3,med
175,31.185462,104.073394,1482.7,high
176,30.607407,103.352434,1463.2,low
177,30.754633,103.132524,1448.2,low
178,31.539511,103.583867,1399.4,high
179,30.456133,103.501734,1356.6,med
180,30.517892,104.137593,1485.0,low
181,31.549244,104.182787,1444.1,med
182,30.456578,103.890823,1393.6,low
183,31.507587,103.201087,1422.3,low
184,30.998371,103.092791,1363.0,med
185,31.21246,104.01258,1358.5,low
186,30.754161,104.117532,1479.4,low
187,30.954091,103.360721,1356.8,low
188,30.89331,103.600816,1523.0,low
189,31.059412,103.479197,1322.9,med
190,31.316032,103.73379,1466.0,med
191,31.067364,104.096507,1385.5,low
192,30.554011,104.151076,1428.2,med
193,30.598354,103.644307,1414.1,high
194,31.599009,104.078816,1391.4,high
195,31.406872,103.581351,1455.2,med
196,30.73641,103.984969,1521.1,med
197,31.069818,103.443603,1506.5,med
198,31.463492,104.020132,1345.1,low
199,30.906231,104.104398,1402.9,low
200,30.747707,103.341567,1422.7,low
201,30.995868,103.161615,1410.6,med
202,31.070601,103.635416,1389.8,med
203,30.634683,103.820298,1418.9,med
204,31.338953,103.035677,1462.2,low
205,31.381991,103.446595,1441.9,low
206,31.585282,103.577694,1285.3,med
207,31.116517,104.02694,1494.5,med
208,31.039441,103.531614,1456.6,med
209,31.194038,103.168533,1393.4,low
210,30.814573,103.814546,1438.5,low
211,31.43111,104.014511,1371.0,med
212,31.270761,103.894582,1494.1,high
213,30.490405,103.740693,1506.2,low
214,31.30442,103.504066,1300.6,low
215,31.455395,103.515714,1449.5,low
216,30.463489,103.938672,1349.3,med
217,30.582984,103.6207,1417.5,low
218,30.61228,103.078062,1493.7,low
219,30.697296,104.078695,1311.8,med
220,30.713073,103.289692,1278.3,low
221,31.489751,103.796433,1315.5,med
222,30.822979,103.688386,1435.7,med
223,30.708418,103.997665,1325.8,med
224,30.98815,103.267947,1419.0,low
225,31.59953,103.337577,1520.5,low
226,30.737676,103.662415,1447.4,low
227,30.467153,103.710988,1400.2,low
228,30.751733,103.941932,1427.8,med
229,31.172241,103.728369,1445.4,low
230,31.199318,103.989305,1433.1,low
231,31.183909,103.354019,1386.2,low
232,31.287132,103.09146,1349.8,low
233,30.619068,103.141892,1410.9,low
234,31.045323,104.079484,1483.6,med
235,31.397928,103.561517,1477.6,low
236,30.814758,103.121504,1516.7,high
237,31.5681,104.015469,1457.1,low
238,31.569024,103.948805,1367.4,low
239,30.425002,103.627187,1389.7,low
240,31.215109,103.684772,1481.6,low
241,30.538315,103.263886,1282.3,low
242,31.081989,104.081607,1331.3,high
243,31.396926,104.074565,1351.5,med
244,30.576032,104.118814,1352.1,med
245,30.52493,104.048011,1309.9,med
246,31.212883,103.875068,1512.5,med
247,31.299023,103.168727,1379.7,high
248,30.995516,103.473039,1513.9,high
249,30.852936,103.51536,1513.6,low
250,30.527526,103.806116,1412.1,low
251,30.838709,103.461068,1323.5,high
252,31.42594,103.528961,1441.7,low
253,31.124875,103.008929,1472.7,med
254,30.559409,103.660794,1293.2,low
255,30.656889,103.242442,1493.4,med
256,30.585365,104.063937,1276.7,low
257,30.581926,103.139291,1338.7,high
258,31.201569,103.014236,1279.7,low
259,30.693818,103.371826,1319.6,high
260,31.298362,103.614603,1462.4,med
261,31.34192,103.599186,1303.3,med
262,31.542799,103.035338,1471.8,low
263,31.034041,103.532951,1517.0,high
264,30.983078,103.465241,1447.5,med
265,31.499941,103.071489,1296.2,low
266,30.487119,103.313319,1434.3,med
267,30.798523,104.176853,1408.6,med
268,31.134812,103.102314,1451.4,low
269,31.1894,103.906055,1456.2,med
270,30.950166,103.257492,1360.7,med
271,30.907488,103.097403,1382.7,low
272,30.857461,103.166467,1506.7,high
273,31.406426,103.095176,1300.1,low
274,31.382423,103.650945,1422.6,low
275,30.803875,103.129978,1364.4,low
276,31.308641,104.025011,1456.3,low
277,31.128792,103.405275,1420.5,med
278,31.196384,103.252394,1303.1,low
279,30.849373,103.898427,1419.5,low
280,31.422486,104.152756,1480.6,low
281,31.179539,103.014805,1508.3,low
282,30.729237,103.199799,1451.7,med
283,30.81609,102.990627,1493.5,low
284,30.889241,103.15355,1434.3,high
285,31.303634,103.241459,1381.0,med
286,30.852364,103.849215,1470.2,low
287,30.510248,103.046431,1315.4,low
288,31.217062,103.309823,1441.5,med
289,30.938753,103.3111,1464.7,high
290,30.924196,103.323196,1445.6,med
291,31.208859,103.037801,1374.8,low
292,30.417525,103.345003,1328.8,high
293,30.714923,103.377047,1277.9,low
294,30.619134,103.439549,1451.9,med
295,31.408325,103.95074,1294.0,low
296,30.459063,103.00579,1506.3,low
297,31.099211,103.67138,1453.4,med
298,30.546508,103.008328,1357.2,low
299,31.15005,103.981731,1505.9,high
300,31.421681,103.27528,1423.2,med
301,30.88322,103.355629,1360.9,med
302,30.610059,103.59588,1304.5,med
303,31.495407,103.40255,1457.8,low
304,31.386344,103.266823,1312.6,high
305,31.131179,103.895558,1439.9,high
306,31.335718,103.57624,1464.6,low
307,30.946986,104.092285,1417.1,low
308,31.157726,104.020396,1432.8,high
309,30.490244,103.51395,1351.7,med
310,30.475707,103.592104,1353.6,med
311,30.476568,103.981336,1295.2,low
312,31.434652,103.72131,1402.8,med
313,31.07348,103.933481,1500.0,med
314,31.380079,103.765505,1356.4,med
315,30.589333,103.057548,1301.9,low
316,30.820425,103.840479,1402.1,high
317,30.705592,103.50861,1385.9,med
318,30.598795,103.430722,1346.7,med
319,30.814341,103.700763,1473.3,low
320,30.487394,103.096707,1445.6,med
321,31.27678,103.771177,1502.6,low
322,30.808334,103.682587,1311.4,med
323,31.569536,103.821476,1374.0,low
324,31.533903,103.354798,1370.2,low
325,31.384122,103.78744,1483.2,low
326,31.230797,103.614972,1437.5,med
327,30.842494,103.418417,1321.1,med
328,31.545502,103.566825,1332.6,high
329,30.500898,103.996614,1301.3,low
330,31.410444,104.043719,1285.4,med
331,31.327869,103.140559,1370.2,high
332,31.405914,103.908617,1478.3,high
333,30.933508,103.47633,1445.1,med
334,30.941338,103.325214,1463.1,med
335,31.049113,103.354661,1478.2,med
336,31.410436,103.424709,1512.8,low
337,30.962316,103.321426,1371.5,med
338,31.567822,103.963569,1476.3,high
339,30.708304,103.752715,1494.5,low
340,30.531408,103.998371,1488.8,med
341,31.32404,103.31065,1502.3,high
342,30.933267,104.118996,1331.5,med
343,30.827802,103.015304,1289.3,med
344,30.691234,104.17673,1369.7,high
345,31.525291,103.990312,1438.5,low
346,30.57342,103.327555,1483.4,low
347,30.574851,103.829943,1388.2,high
348,30.503371,103.290409,1484.7,med
349,31.280982,103.616626,1303.8,med
350,30.769681,103.040599,1381.0,low
351,30.956836,103.116329,1502.3,low
352,30.428022,103.601751,1336.5,high
353,30.923387,103.721071,1336.1,med
354,31.205546,103.086037,1519.7,high
355,31.039571,103.592093,1523.1,low
356,30.876844,103.547462,1434.9,low
357,30.71268,103.002791,1473.1,med
358,31.287829,103.737208,1468.9,low
359,30.807322,103.036503,1412.5,low
360,30.618407,103.918271,1392.2,low
361,31.166383,103.957097,1291.8,low
362,30.957515,103.335431,1287.0,high
363,30.458587,104.103345,1404.8,low
364,31.059937,103.287277,1464.3,high
365,30.836669,103.92031,1492.4,med
366,30.55767,103.424923,1498.4,low
367,31.481865,103.447274,1519.4,med
368,31.005328,104.092473,1405.8,low
369,31.280798,103.078012,1426.6,low
370,31.062869,103.368754,1296.0,low
371,30.776095,103.706446,1382.5,low
372,30.830156,103.034126,1493.5,med
373,31.606081,103.312766,1521.0,low
374,30.498349,103.748315,1366.8,low
375,31.223593,104.126647,1311.7,low
376,31.345874,103.025059,1292.8,low
377,30.847894,103.442725,1417.8,low
378,31.223174,104.121888,1369.0,low
379,31.097006,103.618652,1375.5,low
380,30.707834,103.119438,1459.9,med
381,30.872685,103.657307,1341.4,med
382,30.943828,104.178938,1347.4,low
383,30.99774,103.130465,1489.2,med
384,31.486715,103.517433,1297.9,low
385,31.422925,103.366805,1362.9,high
386,31.058906,104.052898,1488.8,low
387,31.521089,103.74854,1474.4,med
388,30.553935,103.224476,1310.7,low
389,30.439841,103.648126,1368.2,low
390,31.070276,103.717638,1297.6,med
391,31.607814,103.845944,1407.4,low
392,31.396307,103.071801,1519.1,low
393,30.948269,103.799431,1362.1,low
394,31.344616,103.751053,1321.5,low
395,30.927442,104.076155,1289.9,high
396,30.591919,103.180888,1356.7,low
397,30.823528,104.112385,1499.7,low
398,30.709026,103.745369,1413.7,high
399,30.77169,103.623474,1401.6,high
400,31.538228,103.168333,1440.7,low
401,31.134467,103.994336,1416.9,low
402,30.442348,103.037854,1436.4,low
403,31.189656,103.903651,1380.1,low
404,31.005946,103.735897,1348.4,low
405,30.987834,103.948926,1447.2,med
406,30.495868,103.055196,1385.9,med
407,30.653128,103.711292,1354.1,low
408,31.28934,104.016233,1519.8,high
409,30.852948,103.657281,1355.8,med
410,30.729266,103.280803,1300.2,med
411,30.86928,103.721753,1338.1,low
412,30.59994,103.376223,1420.4,med
413,31.324046,103.581219,1404.7,med
414,30.778549,103.011112,1512.3,med
415,31.568324,103.241473,1364.2,high
416,31.002173,104.042107,1439.6,med
417,31.052329,103.999907,1383.7,low
418,31.28131,103.899928,1367.5,med
419,31.092638,103.216886,1414.3,high
420,31.013407,103.900585,1345.9,low
421,31.224778,103.125873,1519.8,med
422,31.362177,103.390202,1510.7,low
423,30.647169,103.594247,1401.0,high
424,30.572744,103.382949,1394.4,med
425,31.135813,103.601907,1358.0,low
426,30.603302,104.172039,1460.8,med
427,30.811948,103.977247,1409.1,low
428,30.768049,103.962199,1368.1,low
429,31.584178,103.683743,1475.2,low
430,31.233952,103.015277,1394.6,low
431,31.347785,103.914694,1420.4,low
432,31.108528,103.187914,1433.3,low
433,31.417701,103.160631,1446.2,high
434,31.546146,103.115175,1280.7,med
435,30.590018,103.8119,1378.6,low
436,31.512925,104.030681,1460.0,high
437,30.573999,103.23211,1357.3,low
438,31.038873,103.359803,1319.3,low
439,30.819092,103.408444,1469.0,low
440,31.180271,103.815276,1428.5,high
441,30.704123,103.653004,1332.2,low
442,30.765437,103.330105,1327.8,low
443,30.788749,103.401864,1509.4,low
444,30.736449,103.129549,1445.2,med
445,31.584493,103.965353,1514.7,low
446,30.756843,103.328456,1454.5,med
447,30.939151,103.291033,1395.8,med
448,31.054594,104.102929,1450.0,high
449,31.147112,103.687497,1336.6,low
450,31.04555,103.748833,1289.1,med
451,31.26913,103.103954,1468.7,high
452,31.068723,104.09822,1377.7,low
453,31.46238,103.556238,1325.9,low
454,30.793701,103.758378,1503.0,high
455,31.09726,103.625483,1456.8,low
456,31.504176,103.193378,1496.6,high
457,31.511862,104.179906,1375.2,med
458,31.53223,104.137858,1507.5,low
459,30.419421,103.664854,1302.8,low
460,30.749774,104.170219,1411.8,med
461,31.534573,104.004572,1393.0,high
462,30.543476,103.178293,1390.7,med
463,30.631739,103.867241,1473.7,low
464,31.317039,103.193894,1490.0,low
465,31.400688,103.601637,1297.7,low
466,30.630037,103.152034,1356.9,med
467,30.721242,103.265926,1464.4,low
468,30.770635,103.850759,1278.9,low
469,31.239622,103.057849,1305.6,med
470,30.8948,103.586325,1499.8,low
471,30.781474,103.124199,1505.0,med
472,31.145851,103.246254,1309.4,high
473,31.305582,103.710187,1380.0,med
474,30.973294,103.628321,1442.0,med
475,30.705259,103.888987,1494.3,high
476,30.944398,103.827819,1295.5,low
477,30.48241,103.640479,1402.4,low
478,30.588123,103.377041,1406.1,high
479,30.654782,103.683077,1298.7,med
480,31.37873,103.527419,1404.3,med
481,30.477584,103.538154,1477.7,low
482,30.883438,103.963044,1462.5,low
483,30.462648,103.396735,1291.9,low
484,31.529799,103.066123,1509.4,high
485,30.89894,103.906066,1467.5,low
486,31.183357,103.487734,1524.2,med
487,31.451844,104.071421,1369.9,low
488,31.202451,103.63046,1439.4,med
489,30.622468,103.62801,1408.2,low
490,30.675528,102.987468,1281.7,med
491,31.2165,103.636634,1409.0,low
492,30.705314,103.398692,1344.9,low
493,31.278329,103.118714,1478.4,med
494,31.327564,104.043808,1279.9,med
495,30.529376,103.023592,1425.4,low
496,30.466712,103.871949,1376.6,med
497,30.669023,104.019776,1290.1,med
498,30.755416,103.962244,1458.9,med
499,31.125801,103.790338,1356.2,med
500,30.580213,103.775555,1331.3,med
501,30.481449,104.121524,1495.9,low
502,31.159492,103.495941,1399.9,low
503,31.538204,103.788911,1472.5,med
504,30.90789,103.162361,1370.1,low
505,30.976523,104.002509,1351.2,low
506,31.375231,104.080989,1416.6,low
507,31.077044,103.144211,1336.7,med
508,31.184347,104.089971,1487.8,high
509,31.277802,103.211878,1343.1,low
510,31.131806,104.031645,1323.0,low
511,31.277466,103.653921,1395.8,low
512,30.807857,104.131724,1279.8,low
513,31.562793,103.124079,1525.9,med
514,30.699412,103.708582,1327.1,low
515,31.070795,103.913917,1371.2,med
516,30.839411,103.297174,1404.2,med
517,30.52663,104.160882,1393.4,low
518,31.505497,103.428146,1379.5,low
519,30.673829,103.158407,1341.2,low
520,31.103272,103.484394,1314.1,med
521,30.864108,103.983335,1400.8,low
522,31.230116,103.292092,1481.4,low
523,31.178333,103.572015,1318.1,low
524,30.611419,103.847676,1398.1,low
525,31.058864,103.753471,1290.7,high
526,31.424337,104.117526,1443.1,low
527,30.903171,103.994354,1333.9,low
528,30.41927,103.59018,1369.3,low
529,31.208406,103.723123,1396.8,med
530,30.416235,103.645272,1279.0,med
531,30.737989,104.156275,1280.3,low
532,31.21714,103.950701,1503.4,high
533,30.523877,103.161977,1324.0,med
534,31.386557,103.30409,1375.2,med
535,30.895533,103.661303,1523.6,med
536,31.22915,104.000741,1439.4,low
537,31.319803,103.095501,1370.8,low
538,30.475638,102.99464,1318.8,med
539,30.928992,103.924552,1417.5,low
540,30.522734,103.617091,1286.6,med
541,31.45004,104.048365,1394.9,high
542,30.497518,104.094002,1500.8,low
543,30.447782,104.09782,1354.6,low
544,31.112743,103.886005,1454.2,med
545,30.500625,103.17824,1336.1,low
546,30.875288,104.059131,1358.9,low
547,30.576241,104.169474,1457.0,med
548,31.577488,103.047736,1385.3,low
549,30.817011,103.906107,1514.7,med
550,31.336566,103.018851,1344.3,low
551,30.997024,103.410273,1511.3,med
552,31.223934,103.776106,1297.4,low
553,31.365966,103.83903,1296.5,high
554,31.262313,103.743981,1460.9,med
555,30.536161,102.989534,1353.1,med
556,30.73202,103.142308,1322.8,med
557,31.073988,103.472953,1282.6,med
558,30.519977,103.700953,1357.1,med
559,30.758517,103.448659,1297.2,low
560,31.494549,104.157108,1419.0,high
561,30.865178,103.149908,1351.3,med
562,30.484221,103.504912,1381.3,med
563,30.500606,103.28534,1337.6,low
564,31.120868,103.217958,1302.7,med
565,31.546888,103.381961,1431.0,low
566,30.80375,103.384983,1479.9,low
567,31.57737,103.146649,1356.2,low
568,30.649322,103.36032,1517.1,low
569,30.758038,103.817249,1398.8,low
570,30.699209,103.434566,1480.1,med
571,30.544965,103.659921,1424.1,med
572,31.226355,103.643419,1514.3,med
573,31.25834,103.509446,1348.8,low
574,31.391059,103.938088,1378.3,med
575,31.168303,103.273725,1440.7,low
576,31.355192,103.072058,1523.7,med
577,30.889266,103.591235,1506.1,low
578,31.060674,103.932165,1365.9,low
579,31.052587,103.749116,1297.2,low
580,31.197422,103.409311,1437.7,high
581,31.58863,103.796266,1375.9,low
582,31.56716,103.499847,1278.6,med
583,31.021111,103.605857,1421.1,low
584,30.943234,103.452661,1469.1,low
585,31.008859,103.397261,1282.1,high
586,30.907471,104.137373,1305.0,low
587,30.57831,103.357568,1389.8,med
588,30.987811,103.554695,1385.5,low
589,30.790991,103.343617,1478.5,high
590,31.427316,103.760864,1445.3,high
591,31.588981,103.275996,1319.6,high
592,31.080119,104.133455,1334.0,med
593,30.629642,103.751875,1384.0,high
594,31.145228,103.220089,1424.1,med
595,31.253983,103.230241,1464.1,low
596,30.483377,103.105402,1494.0,high
597,30.799482,103.532361,1341.6,low
598,31.041558,103.75023,1425.2,low
599,31.112706,103.40081,1487.4,low
600,31.384786,103.830486,1350.4,low
601,30.510002,103.144037,1305.5,med
602,30.627953,103.815424,1403.7,med
603,30.573741,103.443752,1322.4,low
604,31.24042,103.757612,1526.0,low
605,30.99587,103.151656,1354.6,med
606,30.472634,103.414147,1278.4,high
607,31.386559,104.139895,1402.4,med
608,31.229936,103.482057,1486.0,med
609,30.507505,103.020333,1466.3,med
610,30.738124,103.62843,1318.1,med
611,31.299322,103.902403,1413.4,high
612,30.545348,103.913436,1481.8,med
613,31.395433,103.033233,1455.7,med
614,31.596031,103.1062,1483.5,low
615,30.765551,104.182475,1388.4,med
616,31.388374,103.510184,1524.5,low
617,30.692635,103.956143,1423.0,med
618,31.261205,103.742625,1317.5,high
619,30.656244,103.231631,1290.8,med
620,30.745602,103.629822,1356.9,low
621,30.7555,103.304112,1490.5,low
622,31.223459,103.09757,1516.7,low
623,31.510822,104.174283,1492.8,high
624,31.447595,103.282913,1453.8,low
625,31.322068,103.794781,1398.4,low
626,30.730761,103.48037,1389.0,low
627,31.46445,103.095014,1404.9,med
628,31.531903,103.426185,1513.6,med
629,30.411268,103.912262,1459.2,low
630,30.958439,103.780273,1365.6,high
631,31.049609,103.244696,1383.4,med
632,30.730544,103.977312,1360.4,low
633,31.087671,103.565705,1361.9,low
634,30.466391,103.10279,1472.0,med
635,30.557385,104.012482,1386.3,high
636,31.557938,103.226082,1448.1,high
637,31.188297,103.174073,1509.2,med
638,31.193806,103.283767,1369.0,low
639,30.60693,103.45891,1352.4,low
640,30.689273,103.769882,1451.9,high
641,30.980468,103.14254,1332.5,low
642,30.419444,103.818017,1480.3,low
643,30.915077,103.14191,1293.7,med
644,31.285216,103.106213,1354.3,low
645,30.572855,103.911453,1464.3,high
646,31.599828,103.154724,1408.6,high
647,31.188324,103.511419,1456.6,low
648,30.589949,103.477352,1447.6,low
649,30.512326,103.103858,1464.1,low
650,30.869138,104.139198,1354.6,high
651,30.740661,103.084398,1414.3,low
652,31.137412,103.918064,1448.6,low
653,31.198386,103.345279,1405.4,med
654,31.305712,103.33795,1289.6,low
655,31.553906,103.577165,1304.2,med
656,31.121016,103.617244,1520.4,low
657,31.529009,103.141679,1491.2,low
658,30.846795,103.80283,1466.7,low
659,31.33274,103.003327,1292.9,med
660,30.456092,103.055863,1473.3,med
661,31.162585,103.584559,1379.9,low
662,30.507213,103.627178,1430.0,med
663,30.780188,103.596866,1326.8,low
664,31.051968,103.452178,1434.6,low
665,31.225567,103.062638,1450.7,low
666,31.424062,103.052787,1297.6,med
667,30.952346,103.713899,1353.3,low
668,31.29709,103.126632,1453.0,low
669,30.604899,104.126919,1406.8,low
670,31.273219,103.183656,1307.7,low
671,30.730817,104.046998,1468.9,high
672,31.376829,103.309677,1292.0,low
673,31.100282,103.075784,1389.8,med
674,31.007832,103.663563,1367.9,med
675,30.531786,103.671995,1456.7,med
676,31.01889,103.036145,1491.7,med
677,30.974418,103.442875,1313.5,low
678,31.437282,103.646738,1504.5,low
679,30.911543,103.369462,1380.1,low
680,30.73381,103.076764,1369.2,med
681,31.490629,103.198513,1477.1,low
682,31.553195,103.066012,1392.3,med
683,31.422116,103.376061,1414.3,high
684,30.649105,103.659868,1352.0,low
685,30.965012,103.693329,1399.3,low
686,30.642807,104.063832,1466.1,med
687,30.415953,103.475343,1334.2,med
688,31.415789,104.035938,1513.7,high
689,31.197065,104.002107,1457.8,high
690,31.044077,103.269101,1399.0,high
691,31.604651,103.837283,1299.3,low
692,31.485045,103.607011,1451.2,med
693,31.577766,103.085183,1299.9,high
694,31.392255,103.073097,1418.0,med
695,31.565362,103.267426,1341.2,med
696,31.36928,103.824171,1459.8,med
697,30.734647,103.072925,1326.7,low
698,31.10995,103.169793,1317.1,med
699,30.896115,103.626409,1517.2,med
700,30.778269,103.30131,1306.0,high
701,31.231566,103.974964,1450.2,high
702,31.41141,103.376652,1298.8,med
703,30.835191,103.599452,1445.3,med
704,31.597112,103.020599,1377.1,med
705,31.305994,103.283123,1391.5,low
706,30.576052,102.997648,1483.6,low
707,30.565158,103.971708,1369.1,low
708,31.181922,103.682089,1340.7,low
709,30.43446,103.060666,1501.6,med
710,30.56285,104.069394,1483.3,med
711,30.459536,103.536494,1318.0,low
712,31.394322,103.457298,1283.4,low
713,30.615669,103.240959,1322.8,med
714,31.468409,103.024879,1430.8,med
715,30.762426,103.477691,1413.7,high
716,30.744031,103.147983,1325.9,low
717,31.039277,103.740205,1476.5,low
718,31.595584,103.921599,1365.8,med
719,30.989915,104.078512,1401.6,med
720,30.624079,103.365953,1330.8,low
721,31.342546,103.053609,1523.9,med
722,31.328511,104.182827,1519.5,high
723,31.196537,103.303132,1480.1,low
724,30.47539,104.17897,1330.9,low
725,31.365169,103.409066,1485.8,low
726,30.61962,103.694323,1477.6,low
727,31.505076,103.017148,1451.1,low
728,31.084628,103.659031,1323.1,low
729,31.466252,103.573972,1353.3,med
730,30.516609,103.262448,1330.7,med
731,30.40912,104.084775,1326.4,high
732,31.268625,104.085837,1487.1,med
733,30.434595,103.687231,1505.3,low
734,31.424077,104.016103,1516.1,med
735,31.538608,103.458015,1301.3,med
736,30.572042,103.172305,1513.2,low
737,31.561095,103.762316,1319.6,low
738,31.240572,104.097914,1472.7,med
739,31.11504,103.193722,1352.7,low
740,30.561118,103.857897,1513.2,low
741,30.878222,104.17644,1517.3,high
742,31.131166,104.088546,1517.9,med
743,31.08696,104.107325,1311.2,low
744,30.693895,104.162156,1318.0,low
745,30.514771,103.834059,1435.8,low
746,30.944256,103.301555,1338.4,high
747,30.71629,103.112942,1276.3,med
748,31.287401,104.146222,1497.1,med
749,30.862755,103.638529,1301.4,med
750,31.445161,103.764463,1447.8,high
751,30.496751,103.998215,1349.7,med
752,31.550295,103.07234,1318.5,med
753,31.286682,103.639756,1500.5,high
754,31.121137,103.719674,1396.7,high
755,31.539231,103.181297,1498.4,high
756,30.529809,103.229961,1323.5,low
757,31.274746,103.859269,1342.3,med
758,30.693358,103.042863,1418.9,low
759,30.592608,103.416295,1382.9,med
760,31.202724,103.703559,1325.9,high
761,30.613299,103.333474,1296.5,low
762,30.778324,103.460261,1398.3,low
763,30.517664,103.636251,1322.2,low
764,30.851582,103.51823,1341.8,med
765,30.679791,103.305574,1291.4,low
766,31.209262,103.086149,1361.9,med
767,31.573147,103.690972,1414.4,low
768,31.390386,103.485658,1409.9,low
769,30.978089,104.041285,1395.1,high
770,31.491633,103.840467,1401.5,low
771,31.36884,103.796342,1431.1,high
772,31.316927,103.190755,1522.1,low
773,31.378453,103.134723,1381.8,low
774,30.930772,104.180023,1432.8,low
775,30.717764,104.076265,1504.5,high
776,30.874019,103.460126,1357.5,med
777,30.958089,104.03146,1472.6,low
778,31.035374,103.486813,1379.6,high
779,31.113821,103.893353,1510.9,low
780,31.083521,103.104489,1347.5,med
781,30.820943,103.476368,1371.8,med
782,31.139055,103.028259,1344.9,high
783,31.138686,103.815694,1285.7,low
784,30.806093,103.268395,1462.4,low
785,31.484738,103.007579,1480.3,med
786,30.744716,103.573243,1450.0,high
787,31.45098,103.144563,1519.6,med
788,31.399288,103.306604,1380.2,low
789,30.633823,103.236969,1482.0,low
790,31.319692,104.023927,1481.3,med
791,30.599067,103.356648,1402.7,high
792,31.429854,104.038499,1283.2,high
793,31.407816,103.987672,1338.4,med
794,31.509937,103.828861,1344.5,low
795,31.014452,103.745792,1307.0,high
796,30.85526,103.696152,1320.4,low
797,31.112556,103.403012,1316.9,low
798,31.307053,103.809921,1347.3,med
799,30.603789,103.67001,1517.2,low
800,31.185156,103.796534,1343.3,med
801,30.432363,103.919664,1467.9,high
802,31.502119,103.760146,1426.3,high
803,30.711169,103.949403,1352.4,low
804,31.179588,103.491868,1370.1,med
805,30.710698,103.543338,1445.3,low
806,30.884883,103.106075,1403.9,low
807,31.420241,103.432376,1437.8,low
808,30.766471,103.113025,1292.0,low
809,31.177014,104.01709,1341.3,low
810,31.479149,103.341849,1313.5,low
811,31.487924,103.949816,1476.6,low
812,31.200936,103.800207,1456.3,low
813,31.605263,103.294612,1380.6,med
814,30.450683,103.832983,1419.0,high
815,31.28016,103.250136,1409.7,low
816,31.496132,103.789542,1402.8,low
817,31.417066,104.035094,1321.3,high
818,30.561833,103.293682,1478.1,low
819,30.627982,103.798955,1359.9,high
820,30.83464,103.876352,1352.8,low
821,30.805881,103.295971,1349.5,low
822,30.972944,104.022972,1421.9,low
823,30.493759,104.050611,1401.1,low
824,30.866303,103.341327,1289.5,low
825,30.573138,103.223656,1378.3,low
826,31.496245,103.532386,1355.1,low
827,31.343029,103.568397,1433.8,high
828,31.169699,102.988956,1344.4,low
829,30.610627,103.90068,1398.4,low
830,30.51395,103.720676,1434.4,med
831,31.566693,103.44328,1285.4,high
832,30.856022,103.000193,1356.6,low
833,30.636992,103.795398,1432.7,med
834,31.24053,103.39652,1308.2,med
835,31.114705,103.183724,1482.0,med
836,30.757293,103.856698,1425.1,med
837,31.473869,104.177867,1361.7,low
838,30.839401,103.209411,1513.0,low
839,30.89237,103.257402,1457.8,high
840,31.289192,103.690931,1318.2,med
841,31.188948,103.028136,1495.1,med
842,31.04998,103.041604,1524.7,low
843,31.192581,103.00699,1448.4,med
844,30.864605,103.640039,1394.6,high
845,31.24253,103.739674,1351.3,low
846,31.20328,103.307273,1427.4,high
847,31.405083,103.109197,1455.7,high
848,30.545115,103.110816,1325.7,high
849,30.723893,103.611075,1326.4,low
850,30.762721,103.030587,1400.1,med
851,31.528049,103.380024,1276.7,low
852,31.496556,103.985579,1443.3,high
853,30.516399,103.597346,1456.9,high
854,30.715371,103.260692,1523.2,med
855,30.965433,103.103071,1319.7,high
856,30.756981,103.945215,1354.2,low
857,30.522298,103.893145,1287.5,low
858,31.204326,103.187915,1365.4,med
859,31.154468,104.037471,1299.2,low
860,30.627743,103.464233,1516.6,med
861,30.871159,104.004106,1476.0,low
862,31.364591,103.118968,1450.0,high
863,31.53926,103.174574,1380.0,low
864,31.371018,103.797372,1321.3,med
865,30.838619,103.017879,1447.1,low
866,31.576433,103.140086,1506.1,high
867,30.901841,103.038467,1341.4,med
868,31.253782,103.796815,1467.9,low
869,31.086315,104.156775,1443.5,med
870,31.036024,103.823996,1299.8,low
871,30.706592,103.398199,1445.1,med
872,31.41514,103.653313,1522.9,high
873,31.180378,103.171613,1488.2,low
874,31.451599,103.073138,1398.9,med
875,31.572474,103.043721,1331.7,low
876,30.892232,103.2653,1390.8,low
877,30.946018,104.011207,1387.8,high
878,31.005148,103.767348,1301.7,med
879,31.076857,102.983504,1298.7,low
880,31.151179,103.348818,1403.1,med
881,31.214069,104.123726,1366.8,high
882,30.675802,103.528652,1416.0,low
883,30.97606,103.771901,1455.0,high
884,31.319484,103.249397,1361.3,low
885,31.56562,103.33368,1406.5,low
886,30.463234,103.180286,1311.1,low
887,31.274171,103.111654,1428.7,high
888,31.52456,103.454776,1390.3,low
889,31.268445,103.112619,1379.6,low
890,31.413259,103.689873,1469.0,med
891,31.198448,104.130728,1309.7,med
892,31.044737,103.041586,1509.8,low
893,30.987818,103.593299,1506.3,high
894,31.102565,103.859894,1308.1,med
895,31.128955,104.042535,1402.0,med
896,31.583701,104.082392,1466.6,med
897,31.564612,104.14789,1389.2,high
898,30.903595,103.823317,1463.1,med
899,31.250093,104.016149,1454.0,low
900,31.1674,103.224367,1432.0,med
901,30.822652,103.790148,1521.3,low
902,31.558292,103.587972,1449.6,med
903,30.546786,103.405985,1396.1,low
904,31.208889,103.484274,1463.0,low
905,30.751414,104.000061,1478.1,med
906,30.438627,103.157692,1443.6,high
907,31.308522,103.176422,1347.7,med
908,31.415558,103.812014,1349.8,low
909,30.447068,103.960131,1301.6,low
910,31.295691,104.02111,1461.6,low
911,30.693415,103.924469,1475.7,med
912,31.205692,104.095082,1372.9,low
913,31.579287,103.358485,1414.0,high
914,30.709909,103.727974,1471.2,low
915,31.40428,104.077084,1452.2,low
916,31.314429,103.639238,1426.8,low
917,31.565448,103.336313,1320.4,low
918,30.632672,103.191854,1404.5,med
919,30.922509,103.651218,1308.5,low
920,30.714319,103.379975,1453.4,high
921,30.592744,103.370456,1288.7,low
922,31.14703,103.777568,1398.6,low
923,30.838003,103.924138,1355.5,med
924,30.628943,103.065112,1402.3,med
925,31.052743,103.093635,1331.3,med
926,30.80656,103.416257,1330.6,low
927,31.044899,104.179257,1481.9,low
928,30.418864,103.786026,1387.4,low
929,31.144741,103.728658,1515.7,low
930,30.793424,104.082419,1512.2,med
931,31.056585,103.322695,1503.8,low
932,30.85825,103.94668,1387.4,high
933,31.486238,103.214315,1404.5,low
934,30.609174,104.130831,1410.5,high
935,30.486866,103.787702,1469.4,low
936,30.917351,103.108012,1410.4,low
937,31.579769,103.913548,1437.6,low
938,31.304569,103.167805,1390.8,med
939,30.513325,103.048422,1474.6,low
940,31.098255,103.256475,1340.7,med
941,31.164561,103.50293,1280.2,low
942,31.050101,103.753007,1430.6,low
943,31.11103,103.824358,1294.1,low
944,30.535663,103.92757,1351.3,high
945,31.326629,103.508511,1374.8,low
946,30.977085,103.623461,1310.1,med
947,31.365282,103.638169,1516.0,high
948,31.221047,104.080303,1474.8,low
949,30.856057,104.122658,1414.4,low
950,30.556182,102.989336,1425.2,med
951,31.544675,103.348929,1463.1,low
952,30.820922,103.478485,1437.5,med
953,30.601445,103.248246,1484.7,high
954,30.62593,103.942892,1489.1,low
955,31.527144,104.176476,1391.3,med
956,30.757083,103.064135,1300.6,low
957,30.992928,103.380321,1308.1,low
958,30.528354,103.726719,1501.0,med
959,30.949075,103.722911,1352.4,low
960,31.086962,103.420692,1355.1,med
961,30.414098,103.27871,1331.4,low
962,30.931649,103.991432,1309.6,low
963,31.461763,103.538718,1365.7,med
964,31.070306,103.194224,1427.7,low
965,31.438756,103.151302,1410.7,med
966,31.471903,103.075055,1294.8,high
967,31.016914,103.020733,1421.5,med
968,31.116344,104.070864,1413.9,med
969,31.606774,103.549825,1469.8,med
970,30.676268,103.909874,1459.3,med
971,30.965941,103.595794,1375.2,med
972,31.203514,104.000878,1477.6,low
973,30.607312,103.600264,1387.6,high
974,31.546754,103.774596,1517.9,low
975,30.988504,103.413855,1330.7,med
976,30.483733,103.426622,1286.7,med
977,31.497571,103.416802,1393.4,med
978,30.464025,104.160008,1357.0,low
979,31.033947,103.978877,1484.7,med
980,31.06152,103.19192,1439.4,med
981,31.192304,103.985863,1405.2,med
982,31.496991,103.602946,1364.2,low
983,30.992534,103.561832,1427.1,med
984,30.575062,103.182027,1295.3,low
985,30.662121,103.207587,1366.6,low
986,30.550296,103.259716,1478.8,low
987,30.98612,103.557878,1328.7,high
988,31.408338,103.010235,1286.8,low
989,30.601655,103.738749,1285.8,low
990,30.475394,103.293212,1321.0,low
991,31.127529,103.659626,1280.7,low
992,31.202394,103.323446,1297.4,med
993,31.599631,104.024063,1318.6,low
994,31.129306,103.936839,1481.1,high
995,31.199879,103.300725,1457.0,med
996,30.952464,103.692015,1333.5,med
997,30.538584,103.226118,1490.9,med
998,30.912054,103.162773,1300.1,med
999,31.145998,103.030144,1472.0,med
1000,30.54932,103.561989,1308.6,low
1001,31.401326,104.059663,1469.7,low
1002,31.034753,103.427753,1286.9,med
1003,30.683684,103.94606,1473.4,med
1004,31.115158,103.872973,1466.4,low
1005,30.52556,103.14396,1395.3,med
1006,31.439164,103.32322,1495.2,med
1007,30.635125,103.834279,1473.4,low
1008,30.549694,102.991933,1439.6,low
1009,30.787382,103.418024,1314.7,low
1010,30.712659,104.009272,1381.9,med
1011,30.738973,103.800027,1464.7,med
1012,31.348846,103.562261,1368.6,low
1013,30.712833,103.351284,1362.1,low
1014,31.291239,104.009299,1440.8,low
1015,30.944214,103.822474,1316.4,med
1016,30.888973,103.389425,1413.6,low
1017,31.256448,103.176186,1517.1,high
1018,30.517606,103.157694,1507.5,med
1019,30.485197,103.249424,1296.0,high
1020,30.869491,104.164638,1429.5,med
1021,31.262227,103.700267,1512.4,low
1022,31.17665,103.510066,1326.4,low
1023,31.372992,103.326508,1284.4,low
1024,31.027276,103.261305,1318.4,high
1025,30.695408,102.983645,1315.4,low
1026,31.343907,103.407053,1374.8,low
1027,31.029591,103.867611,1293.2,high
1028,30.749693,103.979018,1504.8,med
1029,31.564245,103.315109,1427.6,high
1030,31.523957,103.673188,1341.3,med
1031,30.536058,103.070163,1349.6,low
1032,31.371831,104.131351,1495.0,low
1033,31.098173,103.81633,1517.5,low
1034,31.332261,103.892268,1516.3,med
1035,30.961165,103.687492,1282.8,high
1036,30.489365,103.743694,1524.5,low
1037,30.684216,103.362177,1514.9,med
1038,30.419968,103.981912,1338.1,high
1039,31.216738,103.96859,1295.0,low
1040,30.980167,103.407546,1499.6,med
1041,31.544842,103.803029,1503.5,med
1042,30.6479,103.865815,1494.2,med
1043,30.65162,103.282935,1430.6,high
1044,30.536327,104.087526,1445.0,low
1045,31.144892,103.900393,1411.4,high
1046,30.98705,103.728101,1399.1,low
1047,31.4847,104.025823,1398.7,low
1048,31.507508,103.31962,1331.5,low
1049,30.473278,103.942424,1395.6,med
1050,31.01127,103.45576,1447.6,high
1051,31.580109,103.821193,1391.0,low
1052,30.422484,103.236203,1421.3,med
1053,31.143634,103.294941,1413.1,med
1054,30.973914,103.719001,1367.5,med
1055,30.660939,103.824155,1369.1,low
1056,30.743855,103.199167,1308.8,low
1057,30.68258,103.103144,1343.5,med
1058,30.926963,103.44036,1312.5,low
1059,30.587758,103.950102,1320.2,med
1060,31.602974,104.002568,1405.3,low
1061,31.3507,103.343341,1416.5,low
1062,30.886382,103.811952,1291.0,low
1063,30.980147,103.739135,1388.5,med
1064,30.841454,103.65572,1509.0,med
1065,30.432102,103.128785,1492.8,low
1066,30.64705,103.674373,1438.3,high
1067,31.344671,103.409431,1444.3,med
1068,31.292131,104.050859,1371.3,med
1069,31.166355,103.157118,1317.9,low
1070,30.813166,103.740828,1418.9,low
1071,30.493913,103.177699,1333.1,med
1072,30.757928,103.304267,1437.2,med
1073,30.942178,104.018668,1366.8,low
1074,31.566931,103.480087,1322.0,high
1075,31.281627,103.777727,1511.1,low
1076,30.504378,103.183593,1301.8,high
1077,31.462729,103.64142,1282.6,med
1078,31.326296,103.083201,1341.6,high
1079,31.194099,104.045866,1353.3,med
1080,30.74931,103.735077,1308.8,low
1081,30.442586,103.779559,1491.1,med
1082,30.979686,104.153278,1411.1,med
1083,30.942114,104.146751,1450.4,high
1084,31.125401,103.740557,1435.0,low
1085,31.036452,103.750734,1353.4,med
1086,31.055902,103.948949,1386.5,med
1087,30.720068,103.347587,1276.0,low
1088,31.425836,103.395962,1393.3,high
1089,31.514806,104.119649,1395.3,high
1090,30.924822,103.334807,1333.8,high
1091,30.856673,103.477383,1416.1,med
1092,30.604223,103.867841,1373.4,med
1093,30.723876,103.489987,1335.9,low
1094,31.500245,103.95239,1447.2,med
1095,31.299812,103.95387,1379.2,low
1096,30.627189,103.330814,1435.2,low
1097,30.734861,103.730605,1322.9,high
1098,30.467858,103.625265,1322.5,high
1099,30.731334,103.841535,1457.8,med
1100,30.58912,103.575595,1361.5,med
1101,31.367655,104.180856,1391.9,low
1102,30.804598,103.995556,1513.9,high
1103,31.339083,103.068962,1393.5,high
1104,31.418147,103.964001,1483.1,high
1105,31.330075,103.282055,1468.8,med
1106,31.293443,103.023512,1391.2,low
1107,31.033667,104.161839,1394.2,low
1108,30.782831,103.370976,1433.3,high
1109,31.533205,103.608412,1339.3,low
1110,30.646768,104.048323,1491.9,med
1111,30.543814,103.742791,1357.1,high
1112,30.73962,103.12688,1473.3,high
1113,30.458692,103.92347,1394.8,low
1114,30.853978,103.090676,1315.4,high
1115,31.150674,104.100319,1525.2,low
1116,30.48003,103.75679,1451.3,low
1117,30.559293,103.26251,1521.4,low
1118,31.316337,103.94993,1385.7,high
1119,31.2354,103.413101,1309.7,low
1120,30.990663,103.5083,1349.7,low
1121,30.636031,103.207252,1362.9,low
1122,30.738689,103.98092,1504.6,low
1123,30.490952,103.169331,1349.9,med
1124,30.848835,102.984164,1435.5,med
1125,30.630941,103.005764,1490.2,low
1126,30.694844,103.848504,1440.6,med
1127,30.873289,103.612184,1400.4,low
1128,31.143947,103.37042,1436.2,high
1129,31.036141,103.063316,1484.8,high
1130,31.456491,103.225795,1397.3,high
1131,31.093515,103.986859,1440.5,med
1132,31.249877,103.290426,1367.6,low
1133,30.493349,104.099553,1328.2,med
1134,31.476021,103.079248,1476.3,high
1135,31.077924,104.109193,1380.0,med
1136,31.258421,103.971672,1342.5,high
1137,30.492766,103.347985,1512.2,low
1138,30.524843,103.853506,1408.9,high
1139,31.03973,103.281816,1432.3,high
1140,31.307333,103.481522,1302.4,low
1141,30.837856,103.533765,1442.3,low
1142,30.608471,103.199776,1376.4,med
1143,30.598112,104.18142,1386.8,med
1144,30.786486,104.173056,1357.2,med
1145,31.325321,103.500006,1457.5,low
1146,31.084074,103.240014,1467.4,low
1147,30.713207,104.137282,1387.9,med
1148,31.279876,104.162848,1424.9,med
1149,31.600394,103.34551,1351.1,med
1150,31.435165,103.009342,1481.5,low
1151,30.739449,103.647696,1415.1,low
1152,30.593958,103.028584,1364.9,high
1153,30.848799,103.681887,1334.2,low
1154,30.518586,103.463058,1505.5,low
1155,31.276597,103.934785,1319.2,low
1156,31.235814,103.674779,1502.9,low
1157,30.768772,103.860247,1420.1,high
1158,30.475407,103.908382,1363.0,low
1159,30.908126,104.024697,1493.4,med
1160,31.191635,103.706062,1278.9,low
1161,30.867284,103.34904,1286.3,med
1162,30.587796,103.586182,1331.2,high
1163,31.286194,103.454759,1387.4,low
1164,31.013975,103.249803,1348.4,med
1165,30.566927,103.082354,1418.9,high
1166,30.88733,103.085395,1401.5,low
1167,30.56475,103.145145,1415.8,med
1168,31.190998,103.218619,1430.0,low
1169,30.703795,103.069273,1470.2,med
1170,31.517266,103.090814,1443.9,med
1171,30.826269,103.368186,1424.5,high
1172,30.774083,104.168482,1430.1,low
1173,30.938952,103.158282,1287.2,low
1174,30.647922,103.431885,1465.4,low
1175,30.543146,103.048746,1513.2,low
1176,31.450803,103.967461,1279.4,low
1177,30.541834,103.523374,1281.7,med
1178,31.053907,103.227862,1406.8,med
1179,30.987932,103.859208,1311.3,low
1180,30.430366,103.682906,1441.9,high
1181,30.612684,103.324116,1473.3,low
1182,30.472002,103.769009,1278.1,med
1183,30.733872,104.0058,1441.0,low
1184,30.431194,104.024193,1438.4,med
1185,30.865141,104.155234,1300.9,med
1186,31.448427,103.621173,1322.6,med
1187,30.957884,104.09492,1281.4,med
1188,31.043598,103.383584,1374.3,high
1189,30.824436,103.405596,1432.3,med
1190,31.582193,103.584802,1479.0,low
1191,31.462713,104.051783,1479.7,high
1192,31.074227,103.319533,1313.9,low
1193,31.196618,103.088654,1371.6,low
1194,31.143238,103.73393,1332.9,med
1195,30.591599,104.147945,1503.4,med
1196,31.058981,103.231409,1310.6,med
1197,31.368426,104.018405,1353.2,low
1198,31.036867,103.145603,1524.9,low
1199,30.582483,104.102936,1505.3,med
